AIS_signaldate,AIS_LAT,AIS_LON,AIS_SOG,AIS_COG,AIS_HDG,AIS_DESTINATION_PORT
2024-09-09T12:45:29.000000,44.1070137024,28.6569728851,4.5,15.4,39.0,SANEO
2024-09-09T12:57:13.000000,44.1046867371,28.6745738983,5.2,113.0,105.0,SANEO
2024-09-09T13:04:20.000000,44.1049728394,28.6874237061,4.6,60.4,62.0,SANEO
2024-09-09T13:15:39.000000,44.0965614319,28.7019062042,7.1,170.9,170.0,SANEO
2024-09-09T13:17:55.000000,44.0918731689,28.7029209137,7.5,169.1,165.0,SANEO
2024-09-09T13:29:24.000000,44.0614318848,28.7181873322,11.9,144.7,141.0,SANEO
2024-09-09T13:33:34.000000,44.0495605469,28.7296333313,12.8,146.3,141.0,SANEO
2024-09-09T13:38:53.000000,44.0335006714,28.7451992035,13.6,145.5,140.0,SANEO
2024-09-09T13:43:54.000000,44.0179214478,28.7607440948,13.9,143.6,141.0,SANEO
2024-09-09T13:49:16.000000,44.0015716553,28.7775592804,13.8,143.3,140.0,SANEO
2024-09-09T13:54:01.000000,43.9865264893,28.7927303314,13.7,152.9,154.0,SANEO
2024-09-09T14:00:23.000000,43.962272644,28.7965526581,14.0,180.3,179.0,SANEO
2024-09-09T14:05:59.000000,43.9403266907,28.7962398529,14.0,180.7,179.0,SANEO
2024-09-09T14:13:18.000000,43.9122886658,28.7956733704,14.0,180.7,179.0,SANEO
2024-09-09T14:21:03.000000,43.8815078735,28.7952136993,14.1,180.3,179.0,SANEO
2024-09-09T14:24:44.000000,43.8689460754,28.7952136993,14.0,177.0,174.0,SANEO
2024-09-09T14:38:09.000000,43.8146247864,28.7981739044,14.1,177.5,175.0,SANEO
2024-09-09T14:44:52.000000,43.7891082764,28.8000068665,14.2,176.5,174.0,SANEO
2024-09-09T14:50:09.000000,43.7673530579,28.8020191193,14.1,175.4,174.0,SANEO
2024-09-09T14:55:21.000000,43.7471084595,28.8044471741,14.0,174.5,173.0,SANEO
2024-09-09T15:15:28.000000,43.6705284119,28.8077926636,13.4,185.9,184.0,SANEO
2024-09-09T15:35:58.000000,43.5943222046,28.8120994568,13.6,175.2,174.0,SANEO
2024-09-09T17:05:51.000000,43.2438468933,28.8447666168,14.0,175.1,173.0,SANEO
2024-09-09T17:22:59.000000,43.1775131226,28.8526935577,13.9,175.2,172.0,SANEO
2024-09-09T18:07:07.000000,43.004573822,28.878200531,14.6,173.7,172.0,SANEO
2024-09-09T22:59:43.000000,41.8449325562,29.0474834442,14.6,175.3,172.0,SANEO
2024-09-09T23:05:20.000000,41.8223190308,29.0499801636,14.6,175.4,172.0,SANEO
2024-09-09T23:27:24.000000,41.7336578369,29.0619792938,14.2,170.9,169.0,SANEO
2024-09-09T23:32:25.000000,41.7140350342,29.0648460388,14.1,174.1,170.0,SANEO
2024-09-09T23:38:19.000000,41.6909866333,29.0681991577,14.0,173.8,172.0,SANEO
2024-09-09T23:55:02.000000,41.6263809204,29.0759563446,13.9,175.4,172.0,SANEO
2024-09-09T23:57:45.000000,41.6159057617,29.077009201,14.0,175.7,172.0,SANEO
2024-09-10T00:13:27.000000,41.5544052124,29.083530426,14.3,176.1,173.0,SANEO
2024-09-10T00:18:29.000000,41.5346717834,29.0852527618,14.2,176.2,172.0,SANEO
2024-09-10T00:21:03.000000,41.5244140625,29.0860404968,14.3,181.1,181.0,SANEO
2024-09-10T00:30:57.000000,41.4859733582,29.0792942047,13.7,190.3,190.0,SANEO
2024-09-10T00:37:16.000000,41.4636917114,29.0715999603,12.5,196.7,195.0,SANEO
2024-09-10T00:41:15.000000,41.4525184631,29.0668468475,8.8,198.0,197.0,SANEO
2024-09-10T00:49:36.000000,41.4370117188,29.0572528839,6.2,211.6,212.0,SANEO
2024-09-10T00:56:55.000000,41.427696228,29.0486469269,5.1,218.7,223.0,SANEO
2024-09-10T01:02:04.000000,41.4228973389,29.0417308807,4.7,237.0,245.0,SANEO
2024-09-10T01:09:15.000000,41.419254303,29.0306625366,4.5,249.3,252.0,SANEO
2024-09-10T01:25:04.000000,41.4127960205,29.006023407,3.7,264.3,275.0,SANEO
2024-09-10T01:58:25.000000,41.4136009216,28.9885940552,0.5,243.3,340.0,SANEO
2024-09-10T02:46:56.000000,41.409072876,28.9790496826,0.6,229.5,330.0,SANEO
2024-09-10T03:47:15.000000,41.4054412842,28.9659004211,0.4,237.7,333.0,SANEO
2024-09-10T04:21:57.000000,41.4068984985,28.9768295288,0.6,117.3,61.0,SANEO
2024-09-10T05:15:36.000000,41.3984794617,28.9807395935,0.7,164.0,109.0,SANEO
2024-09-10T05:57:56.000000,41.3895072937,28.9839267731,2.4,127.6,119.0,SANEO
2024-09-10T06:07:07.000000,41.3840446472,28.9944324493,5.0,124.0,122.0,SANEO
2024-09-10T06:09:56.000000,41.3816184998,28.998872757,5.4,127.6,124.0,SANEO
2024-09-10T06:17:54.000000,41.3713531494,29.0147342682,9.5,135.1,135.0,SANEO
2024-09-10T06:21:36.000000,41.3634605408,29.0236740112,10.4,142.2,140.0,SANEO
2024-09-10T06:29:34.000000,41.3440475464,29.0417137146,10.7,145.0,144.0,SANEO
2024-09-10T06:31:56.000000,41.3382797241,29.0469474792,10.6,145.4,143.0,SANEO
2024-09-10T06:39:46.000000,41.3189849854,29.0644130707,10.8,145.0,143.0,SANEO
2024-09-10T06:45:56.000000,41.3036270142,29.0783538818,10.8,145.0,144.0,SANEO
2024-09-10T06:52:06.000000,41.2888946533,29.0920372009,9.2,144.9,143.0,SANEO
2024-09-10T07:00:25.000000,41.2731285095,29.1064033508,7.7,145.9,144.0,SANEO
2024-09-10T07:02:45.000000,41.2689323425,29.1101131439,7.6,146.9,144.0,SANEO
2024-09-10T07:11:06.000000,41.253780365,29.1224594116,7.6,156.9,155.0,SANEO
2024-09-10T07:13:06.000000,41.2494049072,29.124830246,9.3,159.8,159.0,SANEO
2024-09-10T07:23:24.000000,41.2239875793,29.1245594025,8.1,210.8,210.0,SANEO
2024-09-10T07:31:36.000000,41.206905365,29.1126861572,8.7,205.4,203.0,SANEO
2024-09-10T07:42:15.000000,41.1836700439,29.0872859955,11.3,223.5,221.0,SANEO
2024-09-10T07:47:25.000000,41.1712875366,29.0726890564,11.7,221.5,220.0,SANEO
2024-09-10T07:52:27.000000,41.1584815979,29.0595397949,11.1,203.3,191.0,SANEO
2024-09-10T08:05:21.000000,41.1226387024,29.0776901245,11.4,171.2,188.0,SANEO
2024-09-10T08:16:05.000000,41.0942382812,29.0598106384,11.5,182.5,180.0,SANEO
2024-09-10T08:23:25.000000,41.0711288452,29.0515804291,12.5,201.4,200.0,SANEO
2024-09-10T08:27:54.000000,41.0559463501,29.0439033508,13.3,208.6,210.0,SANEO
2024-09-10T08:40:07.000000,41.0268669128,29.0012226105,12.4,220.3,205.0,SANEO
2024-09-10T08:41:35.000000,41.0225410461,28.9979400635,12.0,202.3,188.0,SANEO
2024-09-10T08:48:16.000000,41.0047416687,28.9957809448,8.1,180.6,182.0,SANEO
2024-09-10T08:52:37.000000,40.9957122803,28.9939365387,7.3,196.5,201.0,SANEO
2024-09-10T08:59:06.000000,40.9830818176,28.985906601,8.0,218.8,224.0,SANEO
2024-09-10T09:02:45.000000,40.9767799377,28.9787197113,8.3,224.2,229.0,SANEO
2024-09-10T09:08:44.000000,40.9673843384,28.9654064178,8.2,229.2,228.0,SANEO
2024-09-10T09:16:24.000000,40.9562530518,28.9477939606,8.1,230.5,237.0,SANEO
2024-09-10T09:21:55.000000,40.9515533447,28.9333572388,7.8,250.4,250.0,SANEO
2024-09-10T09:23:34.000000,40.9503326416,28.9288406372,7.8,250.8,250.0,SANEO
2024-09-10T09:33:36.000000,40.9426078796,28.90483284,5.7,243.6,239.0,SANEO
2024-09-10T09:39:54.000000,40.9387588501,28.894493103,4.0,245.4,239.0,SANEO
2024-09-10T09:45:54.000000,40.9366073608,28.8874130249,3.1,247.7,239.0,SANEO
2024-09-10T09:59:26.000000,40.9322624207,28.8717975616,3.4,252.9,238.0,SANEO
2024-09-10T10:10:07.000000,40.9281349182,28.8576965332,6.7,244.2,239.0,SANEO
2024-09-10T10:12:44.000000,40.9255142212,28.8502941132,9.6,244.8,240.0,SANEO
2024-09-10T10:16:08.000000,40.9218292236,28.8381633759,11.6,250.2,246.0,SANEO
2024-09-10T10:21:54.000000,40.9156455994,28.8130340576,12.9,253.6,251.0,SANEO
2024-09-10T10:28:08.000000,40.9110069275,28.7841663361,13.2,259.1,257.0,SANEO
2024-09-10T10:34:45.000000,40.9060440063,28.7516727448,14.0,258.3,257.0,SANEO
2024-09-10T10:40:05.000000,40.9017219543,28.7248535156,14.3,257.4,256.0,SANEO
2024-09-10T10:43:36.000000,40.8985748291,28.7062530518,14.5,257.1,257.0,SANEO
2024-09-10T10:46:49.000000,40.8957061768,28.6895942688,14.4,257.2,256.0,SANEO
2024-09-10T10:49:31.000000,40.8932876587,28.6756839752,14.5,257.0,257.0,SANEO
2024-09-10T10:53:13.000000,40.8898124695,28.6563472748,14.7,256.0,257.0,SANEO
2024-09-10T11:00:37.000000,40.8838539124,28.6173095703,14.7,258.3,259.0,SANEO
2024-09-10T11:06:07.000000,40.879283905,28.5881195068,14.7,258.2,259.0,SANEO
2024-09-10T11:11:44.000000,40.87474823,28.5586471558,14.5,258.9,260.0,SANEO
2024-09-10T11:19:44.000000,40.8697662354,28.5172138214,14.1,262.2,263.0,SANEO
2024-09-10T11:25:07.000000,40.8668785095,28.4899539948,13.8,262.0,263.0,SANEO
2024-09-10T11:35:27.000000,40.8612861633,28.4381542206,13.8,261.9,263.0,SANEO
2024-09-10T11:39:16.000000,40.8593292236,28.4193191528,13.9,262.2,263.0,SANEO
2024-09-10T11:46:29.000000,40.8558082581,28.3827209473,13.9,262.8,263.0,SANEO
2024-09-10T11:53:18.000000,40.8522987366,28.3475475311,14.0,262.3,262.0,SANEO
2024-09-10T11:58:24.000000,40.8497085571,28.3217391968,13.9,262.4,261.0,SANEO
2024-09-10T12:08:24.000000,40.845287323,28.2710475922,13.9,263.7,262.0,SANEO
2024-09-10T12:11:06.000000,40.8441848755,28.2576198578,13.8,263.7,263.0,SANEO
2024-09-10T12:20:15.000000,40.8404083252,28.210609436,14.1,264.2,263.0,SANEO
2024-09-10T12:30:26.000000,40.8356590271,28.1581802368,14.2,262.5,261.0,SANEO
2024-09-10T12:41:53.000000,40.8305854797,28.09907341,14.2,263.9,260.0,SANEO
2024-09-10T12:52:26.000000,40.8259544373,28.0438938141,14.3,263.0,260.0,SANEO
2024-09-10T12:57:40.000000,40.8228416443,28.0167140961,14.5,260.6,261.0,SANEO
2024-09-10T13:02:51.000000,40.8194999695,27.9895191193,14.5,260.9,260.0,SANEO
2024-09-10T13:13:16.000000,40.8130722046,27.9348373413,14.5,260.4,259.0,SANEO
2024-09-10T13:18:40.000000,40.8090782166,27.9063205719,14.7,259.3,259.0,SANEO
2024-09-10T13:24:03.000000,40.8050727844,27.8778858185,14.6,259.2,258.0,SANEO
2024-09-10T13:34:53.000000,40.7957611084,27.8211421967,14.7,256.8,259.0,SANEO
2024-09-10T13:40:51.000000,40.7902679443,27.7895832062,14.7,257.8,259.0,SANEO
2024-09-10T13:46:03.000000,40.7857551575,27.7621307373,14.7,259.3,261.0,SANEO
2024-09-10T13:56:39.000000,40.7784156799,27.7057285309,14.7,260.6,260.0,SANEO
2024-09-10T14:09:16.000000,40.7694816589,27.6388626099,14.3,245.5,242.0,SANEO
2024-09-10T14:14:16.000000,40.7608985901,27.6148509979,14.6,244.9,242.0,SANEO
2024-09-10T14:32:02.000000,40.7289810181,27.5301933289,14.3,244.7,243.0,SANEO
2024-09-10T15:34:46.000000,40.6373939514,27.2704143524,11.6,244.1,240.0,SANEO
2024-09-10T16:29:47.000000,40.5549125671,27.0631809235,11.3,246.5,245.0,SANEO
2024-09-10T16:48:47.000000,40.530166626,26.9916324615,10.6,243.5,241.0,SANEO
2024-09-10T17:06:18.000000,40.5106887817,26.9402580261,8.5,243.4,242.0,SANEO
2024-09-10T17:40:57.000000,40.5067138672,26.8936748505,0.9,291.8,20.0,SANEO
2024-09-10T21:16:51.000000,40.5010604858,26.8948516846,6.3,185.3,194.0,SANEO
2024-09-10T21:34:11.000000,40.4808044434,26.8587532043,7.8,237.0,233.0,SANEO
2024-09-10T21:52:03.000000,40.4620018005,26.8139705658,7.6,243.6,239.0,SANEO
2024-09-10T22:09:50.000000,40.4386520386,26.7584114075,11.3,240.6,237.0,SANEO
2024-09-10T22:27:11.000000,40.4131355286,26.7063751221,7.8,235.0,237.0,SANEO
2024-09-10T22:44:32.000000,40.3783149719,26.664850235,12.9,212.2,209.0,SANEO
2024-09-10T23:02:22.000000,40.3234901428,26.6093845367,14.5,227.6,225.0,SANEO
2024-09-10T23:10:51.000000,40.3012657166,26.5751113892,14.5,231.3,228.0,SANEO
2024-09-10T23:20:09.000000,40.2777099609,26.5366516113,14.7,231.1,228.0,SANEO
2024-09-10T23:25:58.000000,40.2627601624,26.5128326416,14.5,230.3,228.0,SANEO
2024-09-10T23:37:51.000000,40.2320251465,26.4645576477,14.6,231.0,230.0,SANEO
2024-09-10T23:56:38.000000,40.1969146729,26.3824310303,11.7,206.7,193.0,SANEO
2024-09-11T00:08:07.000000,40.1587715149,26.3851070404,12.6,171.8,172.0,SANEO
2024-09-11T00:13:47.000000,40.1392631531,26.3852710724,12.7,206.0,214.0,SANEO
2024-09-11T00:19:55.000000,40.120891571,26.3660392761,14.0,224.4,225.0,SANEO
2024-09-11T00:31:55.000000,40.0888061523,26.3206481934,14.5,227.1,228.0,SANEO
2024-09-11T00:42:43.000000,40.0634155273,26.2745609283,14.4,237.7,235.0,SANEO
2024-09-11T00:53:01.000000,40.0449981689,26.230550766,12.7,248.1,248.0,SANEO
2024-09-11T01:05:12.000000,40.0314788818,26.1843013763,11.9,249.6,253.0,SANEO
2024-09-11T09:35:22.000000,38.3498535156,24.8290805817,14.9,208.9,208.0,SANEO
2024-09-11T09:52:29.000000,38.2868614197,24.7849349976,15.2,208.6,208.0,SANEO
2024-09-11T10:09:48.000000,38.2210083008,24.7410125732,15.6,206.7,204.0,SANEO
2024-09-11T10:30:47.000000,38.1382293701,24.6919174194,15.4,203.5,200.0,SANEO
2024-09-11T10:50:35.000000,38.0613250732,24.6521873474,14.5,197.8,196.0,SANEO
2024-09-11T11:08:36.000000,37.9899101257,24.6228694916,15.3,201.5,201.0,SANEO
2024-09-11T11:22:17.000000,37.9388046265,24.5904045105,14.8,213.6,216.0,SANEO
2024-09-11T11:26:17.000000,37.9269523621,24.5760936737,14.7,227.0,226.0,SANEO
2024-09-11T11:32:35.000000,37.9105377197,24.551197052,14.6,233.5,232.0,SANEO
2024-09-11T11:37:42.000000,37.8985481262,24.5298080444,14.5,234.8,232.0,SANEO
2024-09-11T11:43:24.000000,37.8853492737,24.5058879852,14.5,234.8,232.0,SANEO
2024-09-11T11:53:10.000000,37.8629417419,24.4661083221,14.0,235.1,233.0,SANEO
2024-09-11T12:00:48.000000,37.84557724,24.4358291626,13.8,232.4,231.0,SANEO
2024-09-11T12:03:51.000000,37.83852005,24.4242362976,13.6,232.5,230.0,SANEO
2024-09-11T12:09:10.000000,37.8262252808,24.4039974213,13.5,232.8,231.0,SANEO
2024-09-11T12:14:02.000000,37.8152618408,24.3856639862,13.5,232.8,231.0,SANEO
2024-09-11T12:25:12.000000,37.7888259888,24.3428249359,14.0,231.4,230.0,SANEO
2024-09-11T12:35:49.000000,37.7626419067,24.3017139435,14.2,231.0,230.0,SANEO
2024-09-11T12:40:35.000000,37.7505874634,24.2831192017,14.3,230.2,230.0,SANEO
2024-09-11T12:45:31.000000,37.7382507324,24.2642974854,14.2,230.4,231.0,SANEO
2024-09-11T12:53:11.000000,37.7189064026,24.2346363068,14.1,230.0,227.0,SANEO
2024-09-11T12:55:42.000000,37.7123184204,24.2253856659,14.2,227.7,226.0,SANEO
2024-09-11T13:00:47.000000,37.6967048645,24.2097530365,14.3,212.8,211.0,SANEO
2024-09-11T13:10:30.000000,37.6642456055,24.1818809509,14.7,215.6,213.0,SANEO
2024-09-11T13:12:41.000000,37.6569595337,24.1751537323,14.8,216.4,214.0,SANEO
2024-09-11T13:24:12.000000,37.6180381775,24.1409931183,14.6,214.9,214.0,SANEO
2024-09-11T13:31:30.000000,37.5940933228,24.1191520691,14.5,213.8,213.0,SANEO
2024-09-11T13:45:48.000000,37.5466995239,24.0778503418,14.5,215.3,213.0,SANEO
2024-09-11T13:54:01.000000,37.5194854736,24.0540981293,14.4,214.4,213.0,SANEO
2024-09-11T14:00:35.000000,37.4976577759,24.0354537964,14.4,224.3,227.0,SANEO
2024-09-11T14:03:00.000000,37.4919052124,24.02576828,14.4,236.9,235.0,SANEO
2024-09-11T14:12:12.000000,37.4633407593,23.9991340637,14.2,207.0,205.0,SANEO
2024-09-11T14:20:12.000000,37.4344940186,23.9834709167,14.1,202.0,200.0,SANEO
2024-09-11T14:24:30.000000,37.4187316895,23.9757556915,14.2,202.5,203.0,SANEO
2024-09-11T14:29:30.000000,37.4009399414,23.9651832581,14.0,203.6,203.0,SANEO
2024-09-11T14:34:48.000000,37.3818054199,23.9547481537,14.1,203.5,202.0,SANEO
2024-09-11T14:38:05.000000,37.3699493408,23.9482288361,14.2,203.3,202.0,SANEO
2024-09-11T14:45:18.000000,37.3438453674,23.9338340759,14.2,203.7,203.0,SANEO
2024-09-11T14:55:53.000000,37.3054580688,23.9109592438,14.5,206.5,204.0,SANEO
2024-09-11T15:00:30.000000,37.2887001038,23.900850296,14.5,205.3,205.0,SANEO
2024-09-11T15:05:46.000000,37.2695350647,23.8889636993,14.5,208.3,207.0,SANEO
2024-09-11T15:13:23.000000,37.2423667908,23.8711624146,14.5,207.6,207.0,SANEO
2024-09-11T15:16:01.000000,37.2330360413,23.865114212,14.5,207.1,207.0,SANEO
2024-09-11T15:30:52.000000,37.1794128418,23.8297634125,14.6,210.0,209.0,SANEO
2024-09-11T15:41:43.000000,37.1412200928,23.8023910522,14.7,209.6,209.0,SANEO
2024-09-11T17:00:59.000000,36.8692817688,23.5952281952,14.4,210.5,207.0,SANEO
2024-09-11T18:11:03.000000,36.63539505,23.4301109314,14.4,208.5,204.0,SANEO
2024-09-11T22:49:12.000000,36.347026825,22.2123260498,14.3,268.4,268.0,SANEO
2024-09-11T23:54:01.000000,36.3499069214,21.8932723999,14.1,270.8,269.0,SANEO
2024-09-12T00:13:26.000000,36.3523674011,21.798822403,14.3,271.3,268.0,SANEO
2024-09-12T00:31:44.000000,36.3531684875,21.7085456848,14.2,272.5,268.0,SANEO
2024-09-12T10:53:25.000000,36.3432350159,18.7704982758,13.8,271.9,268.0,SANEO
2024-09-12T16:24:18.000000,36.3500328064,17.2774543762,12.8,268.2,266.0,SANEO
2024-09-12T17:22:37.000000,36.3425216675,17.0208721161,12.9,266.3,267.0,SANEO
2024-09-12T19:28:22.000000,36.3370628357,16.4794311523,12.4,269.0,268.0,SANEO
2024-09-12T19:33:31.000000,36.3373184204,16.4539165497,12.4,268.0,268.0,SANEO
2024-09-12T19:44:50.000000,36.3379249573,16.4085025787,12.2,270.0,268.0,SANEO
2024-09-12T19:55:07.000000,36.3386688232,16.3633842468,12.2,270.0,268.0,SANEO
2024-09-12T20:01:18.000000,36.3392982483,16.3364295959,12.3,269.0,272.0,SANEO
2024-09-12T20:08:34.000000,36.3399734497,16.3087749481,12.2,274.0,272.0,SANEO
2024-09-12T20:13:42.000000,36.3405303955,16.2824821472,12.6,273.0,272.0,SANEO
2024-09-12T20:20:56.000000,36.3416595459,16.2544975281,12.7,273.0,272.0,SANEO
2024-09-12T20:27:08.000000,36.3435096741,16.2277450562,12.6,275.0,272.0,SANEO
2024-09-12T20:33:22.000000,36.3452339172,16.2018642426,12.4,275.0,272.0,SANEO
2024-09-12T20:38:30.000000,36.3470115662,16.1759624481,12.6,273.0,272.0,SANEO
2024-09-12T20:44:39.000000,36.3481788635,16.1500167847,12.6,274.0,272.0,SANEO
2024-09-12T20:50:51.000000,36.3491859436,16.1234798431,12.5,270.0,268.0,SANEO
2024-09-12T20:57:01.000000,36.3487358093,16.0974311829,12.5,268.0,268.0,SANEO
2024-09-12T21:02:11.000000,36.3482589722,16.0729846954,12.4,268.0,268.0,SANEO
2024-09-12T21:09:27.000000,36.3477745056,16.0455341339,12.5,266.0,268.0,SANEO
2024-09-12T21:14:35.000000,36.3473014832,16.0212993622,12.5,267.0,268.0,SANEO
2024-09-12T21:21:46.000000,36.3467407227,15.9924516678,12.5,269.0,268.0,SANEO
2024-09-12T21:24:10.000000,36.3464851379,15.9780483246,12.6,270.8,268.0,SANEO
2024-09-12T21:26:54.000000,36.3462982178,15.9664735794,12.4,270.0,268.0,SANEO
2024-09-12T21:33:03.000000,36.346282959,15.940331459,12.6,271.0,268.0,SANEO
2024-09-12T21:38:12.000000,36.3461151123,15.9171514511,12.3,266.0,264.0,SANEO
2024-09-12T21:45:28.000000,36.3400993347,15.8885269165,11.7,250.0,248.0,SANEO
2024-09-12T21:50:36.000000,36.3343734741,15.8702898026,11.5,249.0,248.0,SANEO
2024-09-12T21:58:51.000000,36.3253822327,15.8419332504,11.1,249.0,248.0,SANEO
2024-09-12T22:05:01.000000,36.3188171387,15.8208999634,10.8,248.0,248.0,SANEO
2024-09-12T22:11:39.000000,36.3102455139,15.7943162918,10.9,247.6,250.0,SANEO
2024-09-12T22:16:24.000000,36.3051147461,15.7786550522,11.0,246.0,248.0,SANEO
2024-09-12T22:22:31.000000,36.2984580994,15.7575502396,11.0,249.0,248.0,SANEO
2024-09-12T22:29:19.000000,36.2905731201,15.7322845459,11.1,251.7,250.0,SANEO
2024-09-12T22:34:53.000000,36.2849082947,15.7146968842,11.1,245.0,248.0,SANEO
2024-09-12T22:40:01.000000,36.2784538269,15.6948165894,11.0,245.0,248.0,SANEO
2024-09-12T22:47:15.000000,36.2709999084,15.6714468002,10.7,249.0,248.0,SANEO
2024-09-12T22:52:24.000000,36.2651672363,15.6526079178,11.0,248.0,248.0,SANEO
2024-09-12T22:59:35.000000,36.2574005127,15.6271696091,11.4,246.0,248.0,SANEO
2024-09-12T23:05:43.000000,36.2509384155,15.6049833298,11.0,250.0,248.0,SANEO
2024-09-12T23:11:55.000000,36.2445068359,15.5833301544,11.1,249.0,248.0,SANEO
2024-09-12T23:18:08.000000,36.2378997803,15.5619049072,11.0,250.0,248.0,SANEO
2024-09-12T23:24:15.000000,36.230846405,15.5399131775,11.1,247.0,248.0,SANEO
2024-09-12T23:30:27.000000,36.2236785889,15.5180168152,11.2,247.0,248.0,SANEO
2024-09-12T23:36:36.000000,36.2166404724,15.4966897964,11.3,249.0,248.0,SANEO
2024-09-12T23:43:48.000000,36.2069587708,15.4675197601,11.3,247.7,250.0,SANEO
2024-09-12T23:48:58.000000,36.2017745972,15.4520769119,11.1,248.0,248.0,SANEO
2024-09-12T23:55:08.000000,36.1947937012,15.430560112,11.1,248.0,248.0,SANEO
2024-09-13T00:01:40.000000,36.1858711243,15.4036312103,11.0,248.8,250.0,SANEO
2024-09-13T00:06:27.000000,36.1804847717,15.3867235184,11.2,247.0,248.0,SANEO
2024-09-13T00:12:37.000000,36.1733627319,15.3642654419,11.4,249.0,248.0,SANEO
2024-09-13T00:20:01.000000,36.1646652222,15.3368196487,11.5,248.3,250.0,SANEO
2024-09-13T00:31:10.000000,36.1529808044,15.2984447479,11.3,248.0,248.0,SANEO
2024-09-13T00:38:30.000000,36.143661499,15.269744873,11.3,245.8,249.0,SANEO
2024-09-13T00:43:30.000000,36.1386299133,15.2550420761,11.3,245.0,248.0,SANEO
2024-09-13T00:49:40.000000,36.1310882568,15.2337379456,11.3,245.0,248.0,SANEO
2024-09-13T00:56:29.000000,36.1217460632,15.2062015533,10.9,250.6,254.0,SANEO
2024-09-13T01:07:09.000000,36.110874176,15.168091774,11.3,251.0,252.0,SANEO
2024-09-13T01:14:11.000000,36.1031188965,15.1420812607,11.4,249.0,253.0,SANEO
2024-09-13T01:19:31.000000,36.097694397,15.1239728928,11.3,249.0,252.0,SANEO
2024-09-13T01:25:41.000000,36.0913009644,15.1021280289,11.2,250.0,252.0,SANEO
2024-09-13T01:31:53.000000,36.0844993591,15.0789279938,11.3,251.0,252.0,SANEO
2024-09-13T01:38:00.000000,36.0779457092,15.056394577,11.2,250.0,252.0,SANEO
2024-09-13T01:44:12.000000,36.0716934204,15.0345048904,11.3,249.0,252.0,SANEO
2024-09-13T01:50:21.000000,36.0651931763,15.0118818283,11.2,252.0,252.0,SANEO
2024-09-13T01:56:30.000000,36.0589790344,14.9896764755,11.4,250.0,252.0,SANEO
2024-09-13T02:04:10.000000,36.0500984192,14.959197998,11.2,250.5,255.0,SANEO
2024-09-13T02:08:30.000000,36.0466117859,14.9428863525,11.0,266.1,271.0,SANEO
2024-09-13T02:15:02.000000,36.051574707,14.9249629974,9.3,321.0,316.0,SANEO
2024-09-13T02:24:38.000000,36.0709762573,14.9174184799,6.0,11.1,2.0,SANEO
2024-09-13T02:26:20.000000,36.073513031,14.9181652069,6.2,15.0,4.0,SANEO
2024-09-13T02:32:30.000000,36.0830841064,14.9240970612,6.3,29.0,16.0,SANEO
2024-09-13T02:41:51.000000,36.0966949463,14.9350070953,6.1,31.1,18.0,SANEO
2024-09-13T02:51:02.000000,36.1051139832,14.942905426,2.5,42.0,356.0,SANEO
2024-09-13T03:15:45.000000,36.1057014465,14.9571933746,1.6,113.0,24.0,SANEO
2024-09-13T03:34:13.000000,36.1022605896,14.9690980911,1.5,111.0,24.0,SANEO
2024-09-13T03:51:46.000000,36.0985527039,14.9797000885,1.8,107.0,32.0,SANEO
2024-09-13T04:05:08.000000,36.0954627991,14.9869117737,1.3,107.0,16.0,SANEO
2024-09-13T04:28:45.000000,36.1010551453,14.9976015091,1.4,15.0,336.0,SANEO
2024-09-13T05:40:49.000000,36.0966720581,15.003827095,1.3,111.0,40.0,SANEO
2024-09-13T06:06:30.000000,36.0897750854,15.0156021118,1.3,141.0,44.0,SANEO
2024-09-13T06:31:14.000000,36.0813751221,15.0228300095,1.5,154.0,56.0,SANEO
2024-09-13T07:12:26.000000,36.0849914551,15.0165128708,4.5,310.0,304.0,SANEO
2024-09-13T07:24:45.000000,36.0936851501,14.9996528625,4.7,308.0,304.0,SANEO
2024-09-13T08:26:29.000000,36.0911407471,14.9877071381,0.7,174.0,152.0,SANEO
2024-09-13T09:09:09.000000,36.0809707642,14.9863080978,0.8,209.5,171.0,SANEO
2024-09-13T09:51:47.000000,36.0718917847,14.9839935303,0.8,174.0,164.0,SANEO
2024-09-13T10:40:11.000000,36.0626602173,14.9848613739,0.5,221.0,180.0,SANEO
2024-09-13T11:34:50.000000,36.0526847839,14.986577034,0.6,147.0,176.0,SANEO
2024-09-13T12:28:31.000000,36.0429153442,14.9889764786,0.7,169.0,192.0,SANEO
2024-09-13T13:04:39.000000,36.0326347351,14.987402916,1.4,188.0,200.0,SANEO
2024-09-13T13:30:24.000000,36.0241851807,14.9837818146,1.0,212.0,248.0,SANEO
2024-09-13T14:12:40.000000,36.0160522461,14.9770278931,0.7,224.6,316.0,SANEO
2024-09-13T15:23:01.000000,36.0135650635,14.9654664993,0.5,260.3,17.0,SANEO
2024-09-13T16:31:52.000000,36.0190734863,14.9569101334,0.6,293.7,23.0,SANEO
2024-09-13T17:42:49.000000,36.0254516602,14.9482831955,0.6,322.6,31.0,SANEO
2024-09-13T19:01:01.000000,36.0341300964,14.9430351257,0.5,24.0,38.0,SANEO
2024-09-13T20:09:50.000000,36.0407409668,14.9393730164,1.4,344.1,13.0,SANEO
2024-09-13T20:25:20.000000,36.0360603333,14.9424848557,8.2,202.8,198.0,SANEO
2024-09-13T20:26:30.000000,36.0334663391,14.9413146973,8.9,199.7,196.0,SANEO
2024-09-13T20:30:31.000000,36.0231018066,14.9373579025,10.2,197.9,195.0,SANEO
2024-09-13T20:33:40.000000,36.0143547058,14.9340333939,10.5,196.5,196.0,SANEO
2024-09-13T20:43:22.000000,35.9914207458,14.9223003387,7.8,207.2,205.0,SANEO
2024-09-13T20:51:51.000000,35.9757003784,14.9128646851,6.5,204.3,204.0,SANEO
2024-09-13T21:08:59.000000,35.9536781311,14.9034852982,2.8,193.9,194.0,SANEO
2024-09-18T16:57:18.000000,35.9488563538,14.9041404724,3.7,333.0,320.0,SANEO
2024-09-18T17:07:56.000000,35.9635047913,14.8869562149,10.1,310.8,309.0,SANEO
2024-09-18T17:18:08.000000,35.9794273376,14.8544769287,11.4,286.0,285.0,SANEO
2024-09-18T17:26:06.000000,35.9827690125,14.8222780228,12.1,264.5,261.0,SANEO
2024-09-18T17:28:56.000000,35.9812049866,14.8103961945,12.5,260.0,260.0,SANEO
2024-09-18T17:38:58.000000,35.9744338989,14.7673168182,12.5,259.0,260.0,SANEO
2024-09-18T17:43:46.000000,35.97108078,14.7466449738,12.7,258.7,259.0,SANEO
2024-09-18T17:52:07.000000,35.9646530151,14.7112102509,12.5,259.8,263.0,SANEO
2024-09-18T18:00:27.000000,35.9596939087,14.6765813828,11.7,259.7,264.0,SANEO
2024-09-18T18:04:10.000000,35.9577064514,14.6625852585,11.0,260.2,264.0,SANEO
2024-09-18T18:16:46.000000,35.9501647949,14.6163902283,10.9,250.8,254.0,SANEO
2024-09-18T18:26:17.000000,35.940071106,14.5830364227,10.1,247.0,250.0,SANEO
2024-09-18T18:30:57.000000,35.9346389771,14.568655014,9.8,243.5,248.0,SANEO
2024-09-18T18:36:27.000000,35.9274368286,14.5521202087,9.9,239.4,243.0,SANEO
2024-09-18T18:51:46.000000,35.9055671692,14.5307245255,4.6,212.5,223.0,SANEO
2024-09-18T19:02:26.000000,35.8955802917,14.5180053711,4.0,226.2,227.0,SANEO
